{
    "confidence_score": 0.7488144636154175,
    "ptm": 0.7954966425895691,
    "iptm": 0.7447548508644104,
    "ligand_iptm": 0.0,
    "protein_iptm": 0.0,
    "complex_plddt": 0.7498293519020081,
    "complex_iplddt": 0.6867279410362244,
    "complex_pde": 0.7874090671539307,
    "complex_ipde": 5.954474925994873,
    "chains_ptm": {
        "0": 0.8005110025405884,
        "1": 0.6838654279708862
    },
    "pair_chains_iptm": {
        "0": {
            "0": 0.8005110025405884,
            "1": 0.7447548508644104
        },
        "1": {
            "0": 0.6886399388313293,
            "1": 0.6838654279708862
        }
    }
}