seed,sample,ranking_score
1,0,0.8287572753094494
2,0,0.8572018680391018
3,0,0.8305974821679736
4,0,0.8425417108210764
