seed,sample,ranking_score
1,0,0.38963522022716257
2,0,0.36848962655973994
3,0,0.37681179707980716
4,0,0.3384476120557817
