{
    "confidence_score": 0.7241055965423584,
    "ptm": 0.807692289352417,
    "iptm": 0.7529835104942322,
    "ligand_iptm": 0.0,
    "protein_iptm": 0.0,
    "complex_plddt": 0.7168861031532288,
    "complex_iplddt": 0.5763126015663147,
    "complex_pde": 1.0664047002792358,
    "complex_ipde": 9.084507942199707,
    "chains_ptm": {
        "0": 0.8179107904434204,
        "1": 0.5960710644721985
    },
    "pair_chains_iptm": {
        "0": {
            "0": 0.8179107904434204,
            "1": 0.7529835104942322
        },
        "1": {
            "0": 0.5940002202987671,
            "1": 0.5960710644721985
        }
    }
}