{
    "confidence_score": 0.7760869860649109,
    "ptm": 0.7756632566452026,
    "iptm": 0.739689290523529,
    "ligand_iptm": 0.0,
    "protein_iptm": 0.0,
    "complex_plddt": 0.7851864099502563,
    "complex_iplddt": 0.6535646319389343,
    "complex_pde": 0.6570027470588684,
    "complex_ipde": 7.42283296585083,
    "chains_ptm": {
        "0": 0.7820417881011963,
        "1": 0.6438373923301697
    },
    "pair_chains_iptm": {
        "0": {
            "0": 0.7820417881011963,
            "1": 0.739689290523529
        },
        "1": {
            "0": 0.6430904865264893,
            "1": 0.6438373923301697
        }
    }
}