{
    "confidence_score": 0.801622211933136,
    "ptm": 0.8175173401832581,
    "iptm": 0.7746531963348389,
    "ligand_iptm": 0.0,
    "protein_iptm": 0.0,
    "complex_plddt": 0.8083645105361938,
    "complex_iplddt": 0.6964868307113647,
    "complex_pde": 0.6036337018013,
    "complex_ipde": 5.891396522521973,
    "chains_ptm": {
        "0": 0.8239260315895081,
        "1": 0.6870937943458557
    },
    "pair_chains_iptm": {
        "0": {
            "0": 0.8239260315895081,
            "1": 0.7746531963348389
        },
        "1": {
            "0": 0.6864597797393799,
            "1": 0.6870937943458557
        }
    }
}