seed,sample,ranking_score
1,0,0.8617855106260528
2,0,0.8917611009031107
3,0,0.8802969519422802
4,0,0.8596834263213358
