seed,sample,ranking_score
1,0,0.8608928292528643
2,0,0.8856484747781402
3,0,0.8671386856853389
4,0,0.8672605006392886
