seed,sample,ranking_score
1,0,0.8492776606126755
2,0,0.8503224392876081
3,0,0.8469551920689342
4,0,0.8405301661431351
