seed,sample,ranking_score
1,0,0.7997116647589909
2,0,0.831097901607072
3,0,0.8255736354715686
4,0,0.8323781375623293
