{
    "confidence_score": 0.7745156288146973,
    "ptm": 0.8009352684020996,
    "iptm": 0.7753106951713562,
    "ligand_iptm": 0.0,
    "protein_iptm": 0.0,
    "complex_plddt": 0.7743168473243713,
    "complex_iplddt": 0.6231059432029724,
    "complex_pde": 0.7038351893424988,
    "complex_ipde": 7.079643726348877,
    "chains_ptm": {
        "0": 0.8082362413406372,
        "1": 0.6440011858940125
    },
    "pair_chains_iptm": {
        "0": {
            "0": 0.8082362413406372,
            "1": 0.7753106951713562
        },
        "1": {
            "0": 0.6446210145950317,
            "1": 0.6440011858940125
        }
    }
}