{
    "confidence_score": 0.7518864870071411,
    "ptm": 0.7768529057502747,
    "iptm": 0.7335678339004517,
    "ligand_iptm": 0.0,
    "protein_iptm": 0.0,
    "complex_plddt": 0.7564660906791687,
    "complex_iplddt": 0.6796374917030334,
    "complex_pde": 0.8369816541671753,
    "complex_ipde": 6.106493949890137,
    "chains_ptm": {
        "0": 0.7818484306335449,
        "1": 0.672744631767273
    },
    "pair_chains_iptm": {
        "0": {
            "0": 0.7818484306335449,
            "1": 0.7335678339004517
        },
        "1": {
            "0": 0.672027051448822,
            "1": 0.672744631767273
        }
    }
}