seed,sample,ranking_score
1,0,0.23338184629655853
2,0,0.19968651731371148
3,0,0.21165853389715308
4,0,0.2104867927754921
