{
    "confidence_score": 0.7632322311401367,
    "ptm": 0.7691063284873962,
    "iptm": 0.7250235676765442,
    "ligand_iptm": 0.0,
    "protein_iptm": 0.0,
    "complex_plddt": 0.772784411907196,
    "complex_iplddt": 0.6251532435417175,
    "complex_pde": 0.7803758978843689,
    "complex_ipde": 8.53645133972168,
    "chains_ptm": {
        "0": 0.7768263816833496,
        "1": 0.6093299984931946
    },
    "pair_chains_iptm": {
        "0": {
            "0": 0.7768263816833496,
            "1": 0.7250235676765442
        },
        "1": {
            "0": 0.6060546040534973,
            "1": 0.6093299984931946
        }
    }
}