{
    "confidence_score": 0.7687727212905884,
    "ptm": 0.8064004778862,
    "iptm": 0.7680729627609253,
    "ligand_iptm": 0.0,
    "protein_iptm": 0.0,
    "complex_plddt": 0.7689476609230042,
    "complex_iplddt": 0.6855041980743408,
    "complex_pde": 0.7668809294700623,
    "complex_ipde": 5.424584865570068,
    "chains_ptm": {
        "0": 0.8123387098312378,
        "1": 0.6773079037666321
    },
    "pair_chains_iptm": {
        "0": {
            "0": 0.8123387098312378,
            "1": 0.7680729627609253
        },
        "1": {
            "0": 0.6802654266357422,
            "1": 0.6773079037666321
        }
    }
}