seed,sample,ranking_score
1,0,0.832734825728982
2,0,0.8175006467936109
3,0,0.8321667788613426
4,0,0.8182805657204153
