seed,sample,ranking_score
1,0,0.8723024523717942
2,0,0.8856616770045452
3,0,0.8676913119116584
4,0,0.8665975840101117
