{
    "confidence_score": 0.7491054534912109,
    "ptm": 0.7797731757164001,
    "iptm": 0.7277039289474487,
    "ligand_iptm": 0.0,
    "protein_iptm": 0.0,
    "complex_plddt": 0.7544558644294739,
    "complex_iplddt": 0.6723266839981079,
    "complex_pde": 0.8275312185287476,
    "complex_ipde": 5.968186378479004,
    "chains_ptm": {
        "0": 0.7847050428390503,
        "1": 0.6777426600456238
    },
    "pair_chains_iptm": {
        "0": {
            "0": 0.7847050428390503,
            "1": 0.7277039289474487
        },
        "1": {
            "0": 0.6718692779541016,
            "1": 0.6777426600456238
        }
    }
}