{
    "confidence_score": 0.7541760802268982,
    "ptm": 0.8172577619552612,
    "iptm": 0.763063907623291,
    "ligand_iptm": 0.0,
    "protein_iptm": 0.0,
    "complex_plddt": 0.7519541382789612,
    "complex_iplddt": 0.6713125109672546,
    "complex_pde": 0.7016857266426086,
    "complex_ipde": 5.681323051452637,
    "chains_ptm": {
        "0": 0.8232171535491943,
        "1": 0.6900662779808044
    },
    "pair_chains_iptm": {
        "0": {
            "0": 0.8232171535491943,
            "1": 0.763063907623291
        },
        "1": {
            "0": 0.6918335556983948,
            "1": 0.6900662779808044
        }
    }
}