{
    "confidence_score": 0.7665206789970398,
    "ptm": 0.7932994365692139,
    "iptm": 0.7608022093772888,
    "ligand_iptm": 0.0,
    "protein_iptm": 0.0,
    "complex_plddt": 0.7679502964019775,
    "complex_iplddt": 0.6600993871688843,
    "complex_pde": 0.7883947491645813,
    "complex_ipde": 6.948017597198486,
    "chains_ptm": {
        "0": 0.799900233745575,
        "1": 0.6619980931282043
    },
    "pair_chains_iptm": {
        "0": {
            "0": 0.799900233745575,
            "1": 0.7608022093772888
        },
        "1": {
            "0": 0.6597457528114319,
            "1": 0.6619980931282043
        }
    }
}