{
    "confidence_score": 0.761295735836029,
    "ptm": 0.7892683744430542,
    "iptm": 0.7461449503898621,
    "ligand_iptm": 0.0,
    "protein_iptm": 0.0,
    "complex_plddt": 0.765083372592926,
    "complex_iplddt": 0.6327579021453857,
    "complex_pde": 0.8582535982131958,
    "complex_ipde": 7.0007829666137695,
    "chains_ptm": {
        "0": 0.7957468628883362,
        "1": 0.6551438570022583
    },
    "pair_chains_iptm": {
        "0": {
            "0": 0.7957468628883362,
            "1": 0.7461449503898621
        },
        "1": {
            "0": 0.6518397331237793,
            "1": 0.6551438570022583
        }
    }
}