{
    "confidence_score": 0.7972726225852966,
    "ptm": 0.8248692750930786,
    "iptm": 0.7765539884567261,
    "ligand_iptm": 0.0,
    "protein_iptm": 0.0,
    "complex_plddt": 0.8024522662162781,
    "complex_iplddt": 0.7121903896331787,
    "complex_pde": 0.6429039239883423,
    "complex_ipde": 5.642783164978027,
    "chains_ptm": {
        "0": 0.8315637707710266,
        "1": 0.6826484203338623
    },
    "pair_chains_iptm": {
        "0": {
            "0": 0.8315637707710266,
            "1": 0.7765539884567261
        },
        "1": {
            "0": 0.6831316351890564,
            "1": 0.6826484203338623
        }
    }
}