{
    "confidence_score": 0.7439664602279663,
    "ptm": 0.7688913345336914,
    "iptm": 0.7321353554725647,
    "ligand_iptm": 0.0,
    "protein_iptm": 0.0,
    "complex_plddt": 0.7469242215156555,
    "complex_iplddt": 0.6794372797012329,
    "complex_pde": 0.7938537001609802,
    "complex_ipde": 6.0009379386901855,
    "chains_ptm": {
        "0": 0.7736088037490845,
        "1": 0.6700000762939453
    },
    "pair_chains_iptm": {
        "0": {
            "0": 0.7736088037490845,
            "1": 0.7321353554725647
        },
        "1": {
            "0": 0.6702312231063843,
            "1": 0.6700000762939453
        }
    }
}