seed,sample,ranking_score
1,0,0.8633371079292458
2,0,0.8634376771569956
3,0,0.8605749727915427
4,0,0.8658247799900105
