{
    "confidence_score": 0.7470611929893494,
    "ptm": 0.8055399060249329,
    "iptm": 0.7707328796386719,
    "ligand_iptm": 0.0,
    "protein_iptm": 0.0,
    "complex_plddt": 0.7411432266235352,
    "complex_iplddt": 0.651238203048706,
    "complex_pde": 0.8921085000038147,
    "complex_ipde": 7.120683193206787,
    "chains_ptm": {
        "0": 0.8130705952644348,
        "1": 0.6536011099815369
    },
    "pair_chains_iptm": {
        "0": {
            "0": 0.8130705952644348,
            "1": 0.7707328796386719
        },
        "1": {
            "0": 0.6545872092247009,
            "1": 0.6536011099815369
        }
    }
}