{
    "confidence_score": 0.7048422694206238,
    "ptm": 0.7657228112220764,
    "iptm": 0.7269510626792908,
    "ligand_iptm": 0.0,
    "protein_iptm": 0.0,
    "complex_plddt": 0.699315071105957,
    "complex_iplddt": 0.5964550375938416,
    "complex_pde": 1.2682907581329346,
    "complex_ipde": 8.063648223876953,
    "chains_ptm": {
        "0": 0.7729289531707764,
        "1": 0.6244416832923889
    },
    "pair_chains_iptm": {
        "0": {
            "0": 0.7729289531707764,
            "1": 0.7269510626792908
        },
        "1": {
            "0": 0.6230053305625916,
            "1": 0.6244416832923889
        }
    }
}