seed,sample,ranking_score
1,0,0.826123105365105
2,0,0.832348409143863
3,0,0.8403580303263798
4,0,0.8462394435556136
