{
    "confidence_score": 0.7031425833702087,
    "ptm": 0.7609853744506836,
    "iptm": 0.7172448635101318,
    "ligand_iptm": 0.0,
    "protein_iptm": 0.0,
    "complex_plddt": 0.6996169686317444,
    "complex_iplddt": 0.6605805158615112,
    "complex_pde": 1.1632510423660278,
    "complex_ipde": 5.576388359069824,
    "chains_ptm": {
        "0": 0.7652575969696045,
        "1": 0.6682859063148499
    },
    "pair_chains_iptm": {
        "0": {
            "0": 0.7652575969696045,
            "1": 0.7172448635101318
        },
        "1": {
            "0": 0.6690582633018494,
            "1": 0.6682859063148499
        }
    }
}