{
    "confidence_score": 0.7443105578422546,
    "ptm": 0.7825608849525452,
    "iptm": 0.7363449335098267,
    "ligand_iptm": 0.0,
    "protein_iptm": 0.0,
    "complex_plddt": 0.7463020086288452,
    "complex_iplddt": 0.6807101964950562,
    "complex_pde": 0.7782600522041321,
    "complex_ipde": 6.167292594909668,
    "chains_ptm": {
        "0": 0.7888137102127075,
        "1": 0.6511965394020081
    },
    "pair_chains_iptm": {
        "0": {
            "0": 0.7888137102127075,
            "1": 0.7363449335098267
        },
        "1": {
            "0": 0.6502764225006104,
            "1": 0.6511965394020081
        }
    }
}