{
    "confidence_score": 0.7703055739402771,
    "ptm": 0.8006610870361328,
    "iptm": 0.7712190747261047,
    "ligand_iptm": 0.0,
    "protein_iptm": 0.0,
    "complex_plddt": 0.7700772285461426,
    "complex_iplddt": 0.6469088196754456,
    "complex_pde": 0.7896162271499634,
    "complex_ipde": 8.23213005065918,
    "chains_ptm": {
        "0": 0.809958279132843,
        "1": 0.6017481684684753
    },
    "pair_chains_iptm": {
        "0": {
            "0": 0.809958279132843,
            "1": 0.7712190747261047
        },
        "1": {
            "0": 0.6025347113609314,
            "1": 0.6017481684684753
        }
    }
}