{
    "confidence_score": 0.728182852268219,
    "ptm": 0.7733619809150696,
    "iptm": 0.7302529215812683,
    "ligand_iptm": 0.0,
    "protein_iptm": 0.0,
    "complex_plddt": 0.7276653051376343,
    "complex_iplddt": 0.6519448757171631,
    "complex_pde": 0.9726917147636414,
    "complex_ipde": 7.829707622528076,
    "chains_ptm": {
        "0": 0.7809028625488281,
        "1": 0.6160511374473572
    },
    "pair_chains_iptm": {
        "0": {
            "0": 0.7809028625488281,
            "1": 0.7302529215812683
        },
        "1": {
            "0": 0.6140614151954651,
            "1": 0.6160511374473572
        }
    }
}