{
    "confidence_score": 0.7672306895256042,
    "ptm": 0.8158393502235413,
    "iptm": 0.7713632583618164,
    "ligand_iptm": 0.0,
    "protein_iptm": 0.0,
    "complex_plddt": 0.7661975026130676,
    "complex_iplddt": 0.6479265689849854,
    "complex_pde": 0.7225765585899353,
    "complex_ipde": 5.86309814453125,
    "chains_ptm": {
        "0": 0.8215020298957825,
        "1": 0.694604754447937
    },
    "pair_chains_iptm": {
        "0": {
            "0": 0.8215020298957825,
            "1": 0.7713632583618164
        },
        "1": {
            "0": 0.6972163319587708,
            "1": 0.694604754447937
        }
    }
}