{
    "confidence_score": 0.6903864741325378,
    "ptm": 0.7492287158966064,
    "iptm": 0.7006348371505737,
    "ligand_iptm": 0.0,
    "protein_iptm": 0.0,
    "complex_plddt": 0.6878243684768677,
    "complex_iplddt": 0.6013271808624268,
    "complex_pde": 1.2349834442138672,
    "complex_ipde": 7.509474754333496,
    "chains_ptm": {
        "0": 0.7545360922813416,
        "1": 0.648674726486206
    },
    "pair_chains_iptm": {
        "0": {
            "0": 0.7545360922813416,
            "1": 0.7006348371505737
        },
        "1": {
            "0": 0.645647406578064,
            "1": 0.648674726486206
        }
    }
}