seed,sample,ranking_score
1,0,0.8626724372100417
2,0,0.8759567698831514
3,0,0.8913109196136006
4,0,0.8680071038822947
