seed,sample,ranking_score
1,0,0.8666534160552936
2,0,0.8803590623150988
3,0,0.8674784860599138
4,0,0.871615730328893
