seed,sample,ranking_score
1,0,0.8678271433556393
2,0,0.8715898160753641
3,0,0.8769431279609268
4,0,0.8651161150338005
