seed,sample,ranking_score
1,0,0.8089103980030459
2,0,0.820493852368398
3,0,0.8101953182255851
4,0,0.7426539239126476
