{
    "confidence_score": 0.7632688879966736,
    "ptm": 0.7791828513145447,
    "iptm": 0.7488402128219604,
    "ligand_iptm": 0.0,
    "protein_iptm": 0.0,
    "complex_plddt": 0.7668759822845459,
    "complex_iplddt": 0.6914501786231995,
    "complex_pde": 0.7086397409439087,
    "complex_ipde": 5.1090803146362305,
    "chains_ptm": {
        "0": 0.7832134962081909,
        "1": 0.693019688129425
    },
    "pair_chains_iptm": {
        "0": {
            "0": 0.7832134962081909,
            "1": 0.7488402128219604
        },
        "1": {
            "0": 0.6940533518791199,
            "1": 0.693019688129425
        }
    }
}