{
    "confidence_score": 0.7676720023155212,
    "ptm": 0.796133816242218,
    "iptm": 0.7628371119499207,
    "ligand_iptm": 0.0,
    "protein_iptm": 0.0,
    "complex_plddt": 0.7688806653022766,
    "complex_iplddt": 0.7011097073554993,
    "complex_pde": 0.7866443395614624,
    "complex_ipde": 5.6245245933532715,
    "chains_ptm": {
        "0": 0.8007720708847046,
        "1": 0.7015671730041504
    },
    "pair_chains_iptm": {
        "0": {
            "0": 0.8007720708847046,
            "1": 0.7628371119499207
        },
        "1": {
            "0": 0.7035151720046997,
            "1": 0.7015671730041504
        }
    }
}