seed,sample,ranking_score
1,0,0.8264312843176614
2,0,0.8458339792614676
3,0,0.8439019879229867
4,0,0.820728624362839
