{
    "confidence_score": 0.7693964242935181,
    "ptm": 0.7875590920448303,
    "iptm": 0.7403891682624817,
    "ligand_iptm": 0.0,
    "protein_iptm": 0.0,
    "complex_plddt": 0.776648223400116,
    "complex_iplddt": 0.6928296685218811,
    "complex_pde": 0.7415400743484497,
    "complex_ipde": 6.539117813110352,
    "chains_ptm": {
        "0": 0.793402910232544,
        "1": 0.6629453897476196
    },
    "pair_chains_iptm": {
        "0": {
            "0": 0.793402910232544,
            "1": 0.7403891682624817
        },
        "1": {
            "0": 0.6646361947059631,
            "1": 0.6629453897476196
        }
    }
}