{
    "confidence_score": 0.7721421122550964,
    "ptm": 0.80384361743927,
    "iptm": 0.7618638277053833,
    "ligand_iptm": 0.0,
    "protein_iptm": 0.0,
    "complex_plddt": 0.7747116684913635,
    "complex_iplddt": 0.6943255066871643,
    "complex_pde": 0.7139922976493835,
    "complex_ipde": 5.630184650421143,
    "chains_ptm": {
        "0": 0.809001088142395,
        "1": 0.6899290084838867
    },
    "pair_chains_iptm": {
        "0": {
            "0": 0.809001088142395,
            "1": 0.7618638277053833
        },
        "1": {
            "0": 0.6942896246910095,
            "1": 0.6899290084838867
        }
    }
}