{
    "confidence_score": 0.7159518003463745,
    "ptm": 0.7550644874572754,
    "iptm": 0.7023161053657532,
    "ligand_iptm": 0.0,
    "protein_iptm": 0.0,
    "complex_plddt": 0.7193607091903687,
    "complex_iplddt": 0.6378495097160339,
    "complex_pde": 1.190178632736206,
    "complex_ipde": 7.551367282867432,
    "chains_ptm": {
        "0": 0.7603697776794434,
        "1": 0.6431242823600769
    },
    "pair_chains_iptm": {
        "0": {
            "0": 0.7603697776794434,
            "1": 0.7023161053657532
        },
        "1": {
            "0": 0.6411818265914917,
            "1": 0.6431242823600769
        }
    }
}