seed,sample,ranking_score
1,0,0.8624867122853398
2,0,0.8897388505960862
3,0,0.874694279193401
4,0,0.8726805092205718
