{
    "confidence_score": 0.7073296904563904,
    "ptm": 0.7482499480247498,
    "iptm": 0.7170426845550537,
    "ligand_iptm": 0.0,
    "protein_iptm": 0.0,
    "complex_plddt": 0.704901397228241,
    "complex_iplddt": 0.6552829742431641,
    "complex_pde": 1.1927601099014282,
    "complex_ipde": 5.836104869842529,
    "chains_ptm": {
        "0": 0.7505621910095215,
        "1": 0.7023067474365234
    },
    "pair_chains_iptm": {
        "0": {
            "0": 0.7505621910095215,
            "1": 0.7170426845550537
        },
        "1": {
            "0": 0.7055560350418091,
            "1": 0.7023067474365234
        }
    }
}