{
    "confidence_score": 0.7765527963638306,
    "ptm": 0.7791312336921692,
    "iptm": 0.750830352306366,
    "ligand_iptm": 0.0,
    "protein_iptm": 0.0,
    "complex_plddt": 0.7829833626747131,
    "complex_iplddt": 0.6391785740852356,
    "complex_pde": 0.8486857414245605,
    "complex_ipde": 7.979788303375244,
    "chains_ptm": {
        "0": 0.787097692489624,
        "1": 0.6094818711280823
    },
    "pair_chains_iptm": {
        "0": {
            "0": 0.787097692489624,
            "1": 0.750830352306366
        },
        "1": {
            "0": 0.6115687489509583,
            "1": 0.6094818711280823
        }
    }
}