{
    "confidence_score": 0.7424483299255371,
    "ptm": 0.8109372854232788,
    "iptm": 0.7552464008331299,
    "ligand_iptm": 0.0,
    "protein_iptm": 0.0,
    "complex_plddt": 0.7392488121986389,
    "complex_iplddt": 0.6700165867805481,
    "complex_pde": 0.8423399925231934,
    "complex_ipde": 5.433167457580566,
    "chains_ptm": {
        "0": 0.8177004456520081,
        "1": 0.6775582432746887
    },
    "pair_chains_iptm": {
        "0": {
            "0": 0.8177004456520081,
            "1": 0.7552464008331299
        },
        "1": {
            "0": 0.6735795736312866,
            "1": 0.6775582432746887
        }
    }
}