{
  "output_dir": "alphafold3_work/output_h200/seed3_seed4_top_precrrna/seed4_row103335_precrrna_20250919_201705",
  "summary_file": "seed4_row103335_precrrna_20250919_201705_summary_confidences.json",
  "confidence_file": "seed4_row103335_precrrna_20250919_201705_confidences.json",
  "ptm": 0.89,
  "iptm": 0.87,
  "ranking_score": 0.88,
  "global_plddt": 83.06363317552166,
  "chain_ptm": [
    0.89,
    0.43
  ],
  "chain_iptm": [
    0.87,
    0.87
  ],
  "chain_pair_iptm": [
    [
      0.89,
      0.87
    ],
    [
      0.87,
      0.43
    ]
  ],
  "chain_pair_pae_min": [
    [
      0.76,
      1.17
    ],
    [
      1.1,
      0.78
    ]
  ],
  "chain_stats": {
    "A": {
      "avg_plddt": 86.26764659660152,
      "median_plddt": 90.05,
      "q10_plddt": 71.3,
      "q90_plddt": 95.62,
      "min_plddt": 19.36,
      "max_plddt": 98.1,
      "atoms": 10181,
      "residues": 1231
    },
    "R": {
      "avg_plddt": 56.43501224489796,
      "median_plddt": 43.42,
      "q10_plddt": 26.814,
      "q90_plddt": 91.406,
      "min_plddt": 7.43,
      "max_plddt": 94.04,
      "atoms": 1225,
      "residues": 58
    }
  }
}