{
    "confidence_score": 0.7481281161308289,
    "ptm": 0.7890307903289795,
    "iptm": 0.7507073283195496,
    "ligand_iptm": 0.0,
    "protein_iptm": 0.0,
    "complex_plddt": 0.7474833130836487,
    "complex_iplddt": 0.6674174070358276,
    "complex_pde": 0.8500468730926514,
    "complex_ipde": 7.985189914703369,
    "chains_ptm": {
        "0": 0.796678364276886,
        "1": 0.6310301423072815
    },
    "pair_chains_iptm": {
        "0": {
            "0": 0.796678364276886,
            "1": 0.7507073283195496
        },
        "1": {
            "0": 0.6307741403579712,
            "1": 0.6310301423072815
        }
    }
}