{
    "confidence_score": 0.7462359070777893,
    "ptm": 0.7580031752586365,
    "iptm": 0.701198160648346,
    "ligand_iptm": 0.0,
    "protein_iptm": 0.0,
    "complex_plddt": 0.7574953436851501,
    "complex_iplddt": 0.6780769228935242,
    "complex_pde": 0.8958069086074829,
    "complex_ipde": 7.299919128417969,
    "chains_ptm": {
        "0": 0.7630993723869324,
        "1": 0.6520842909812927
    },
    "pair_chains_iptm": {
        "0": {
            "0": 0.7630993723869324,
            "1": 0.701198160648346
        },
        "1": {
            "0": 0.6500385403633118,
            "1": 0.6520842909812927
        }
    }
}