seed,sample,ranking_score
1,0,0.8636898347827812
2,0,0.8647353867746154
3,0,0.8772625678374948
4,0,0.8670045523595735
