seed,sample,ranking_score
1,0,0.8611551300059462
2,0,0.8895471983007686
3,0,0.876778143030647
4,0,0.8625795440588745
