{
    "confidence_score": 0.798774003982544,
    "ptm": 0.8102067112922668,
    "iptm": 0.7716054916381836,
    "ligand_iptm": 0.0,
    "protein_iptm": 0.0,
    "complex_plddt": 0.805566132068634,
    "complex_iplddt": 0.6869752407073975,
    "complex_pde": 0.6329026818275452,
    "complex_ipde": 7.008324146270752,
    "chains_ptm": {
        "0": 0.817805290222168,
        "1": 0.6491989493370056
    },
    "pair_chains_iptm": {
        "0": {
            "0": 0.817805290222168,
            "1": 0.7716054916381836
        },
        "1": {
            "0": 0.6481155157089233,
            "1": 0.6491989493370056
        }
    }
}