{
    "confidence_score": 0.7442552447319031,
    "ptm": 0.7847791314125061,
    "iptm": 0.7299092411994934,
    "ligand_iptm": 0.0,
    "protein_iptm": 0.0,
    "complex_plddt": 0.7478417754173279,
    "complex_iplddt": 0.6548080444335938,
    "complex_pde": 0.718701183795929,
    "complex_ipde": 5.918094635009766,
    "chains_ptm": {
        "0": 0.7896749973297119,
        "1": 0.6824313402175903
    },
    "pair_chains_iptm": {
        "0": {
            "0": 0.7896749973297119,
            "1": 0.7299092411994934
        },
        "1": {
            "0": 0.6817514300346375,
            "1": 0.6824313402175903
        }
    }
}