{
    "confidence_score": 0.7230714559555054,
    "ptm": 0.7589673399925232,
    "iptm": 0.7060616612434387,
    "ligand_iptm": 0.0,
    "protein_iptm": 0.0,
    "complex_plddt": 0.7273238897323608,
    "complex_iplddt": 0.6343280076980591,
    "complex_pde": 1.044898509979248,
    "complex_ipde": 8.824076652526855,
    "chains_ptm": {
        "0": 0.7668764591217041,
        "1": 0.5886504650115967
    },
    "pair_chains_iptm": {
        "0": {
            "0": 0.7668764591217041,
            "1": 0.7060616612434387
        },
        "1": {
            "0": 0.5876944065093994,
            "1": 0.5886504650115967
        }
    }
}