{
  "output_dir": "alphafold3_work/output_h200/seed3_seed4_top_precrrna/seed3_row75186_precrrna_20250919_170953",
  "summary_file": "seed3_row75186_precrrna_20250919_170953_summary_confidences.json",
  "confidence_file": "seed3_row75186_precrrna_20250919_170953_confidences.json",
  "ptm": 0.84,
  "iptm": 0.83,
  "ranking_score": 0.83,
  "global_plddt": 80.87396931927134,
  "chain_ptm": [
    0.84,
    0.41
  ],
  "chain_iptm": [
    0.83,
    0.83
  ],
  "chain_pair_iptm": [
    [
      0.84,
      0.83
    ],
    [
      0.83,
      0.41
    ]
  ],
  "chain_pair_pae_min": [
    [
      0.76,
      1.11
    ],
    [
      1.13,
      0.78
    ]
  ],
  "chain_stats": {
    "A": {
      "avg_plddt": 84.07000780640125,
      "median_plddt": 87.07,
      "q10_plddt": 69.03,
      "q90_plddt": 95.01300000000002,
      "min_plddt": 23.77,
      "max_plddt": 98.25,
      "atoms": 10248,
      "residues": 1245
    },
    "R": {
      "avg_plddt": 54.13682448979592,
      "median_plddt": 41.37,
      "q10_plddt": 22.87,
      "q90_plddt": 88.936,
      "min_plddt": 8.74,
      "max_plddt": 91.46,
      "atoms": 1225,
      "residues": 58
    }
  }
}