{
  "pdb": "8Y04.pdb1",
  "chain": "A",
  "pid_range": [
    900,
    1068
  ],
  "cutoff": 8.0,
  "contacts": {
    "29": 7.492490745313397,
    "45": 6.319594229525202,
    "49": 6.740459715847147,
    "80": 7.804900463592492,
    "81": 4.237027434342557,
    "82": 4.582733931388292,
    "83": 3.43639394591317,
    "84": 3.5491282280122385,
    "85": 4.683411080923017,
    "86": 5.082893763761925,
    "87": 7.6003043208193235
  }
}