{
    "confidence_score": 0.7439111471176147,
    "ptm": 0.8167985081672668,
    "iptm": 0.7771399021148682,
    "ligand_iptm": 0.0,
    "protein_iptm": 0.0,
    "complex_plddt": 0.735603928565979,
    "complex_iplddt": 0.6177234053611755,
    "complex_pde": 0.8135354518890381,
    "complex_ipde": 7.247171401977539,
    "chains_ptm": {
        "0": 0.8253080248832703,
        "1": 0.6384509205818176
    },
    "pair_chains_iptm": {
        "0": {
            "0": 0.8253080248832703,
            "1": 0.7771399021148682
        },
        "1": {
            "0": 0.6382452845573425,
            "1": 0.6384509205818176
        }
    }
}