seed,top_id,top_len,total_sequences_in_fasta,processed_sequences,missing_pdb,top_total_mean_pLDDT,top_WED-I_mean_pLDDT,top_REC-I_mean_pLDDT,top_REC-II_mean_pLDDT,top_WED-II_mean_pLDDT,top_PI_mean_pLDDT,top_WED-III_mean_pLDDT,top_RUV-I/BH_mean_pLDDT,top_RuvC-II_mean_pLDDT,top_NUC_mean_pLDDT,top_RuvC-III_mean_pLDDT
seed1,seed1_row101401,1215,2078,1837,241,71.08925925925926,26.6548,52.38828571428572,78.8623076923077,63.66753623188405,86.41568421052631,68.0606923076923,83.48181818181817,75.62032786885246,86.47991869918701,80.23416666666668
seed4,seed4_row111612,1210,19041,1812,17229,70.60930578512396,28.38857142857143,53.67639285714286,78.70086538461538,60.47681159420289,85.65583333333332,60.71169230769231,80.93625,70.75581967213114,88.59717741935484,79.3386170212766
