seed,sample,ranking_score
1,0,0.21629006124240865
2,0,0.20974675956395258
3,0,0.21512638768137107
4,0,0.20320884892929697
